income,expenses,month,savings
8518911.975431234,57233.27528265057,6,8461678.700148582
8255000.134875039,59695.25380649864,11,8202012.58106854
8581660.447577586,45251.31017641807,3,8536409.13740117
8945472.69491883,38932.05623491243,8,8906540.638683917
8215146.40169135,50962.6300276345,3,8164183.771663716
8215153.225300823,54944.87589305796,12,8166916.049407765
8968823.641783474,50488.35008264003,2,8916099.391700834
8631429.754665138,50398.72252552286,3,8581031.032139616
8117341.506452242,60812.47966473,11,8063236.726787512
8537966.595763342,39931.0703618869,6,8498035.525401456
8119858.809234899,54264.34556540715,2,8063358.563669492
8118897.862912943,46485.251824526946,8,8072412.611088416
8413031.157783771,61042.40314041133,1,8349752.85464336
7517262.150890519,38554.17983013414,7,7478707.971060385
7595549.958222086,58007.865869988724,2,7535306.192352097
8078766.20154802,53195.73488297653,10,8032278.166665044
7891509.78742391,45599.677942873815,12,7852617.809481036
8443074.513389446,40390.31865455177,6,8402684.194734894
7935070.037252425,48560.64181443328,12,7893217.095437992
7725479.675048811,46275.67055824018,2,7676968.104490571
8921623.777980113,47158.131470794295,2,8872229.74650932
8218628.1089299945,46294.75664477492,10,8179041.05228522
8340532.29527547,44500.18226865467,8,8296032.113006815
7720307.457176949,70585.30917928106,12,7656429.847997668
8086207.8555698525,57932.55509611272,2,8026039.40047374
8358568.01277976,48620.304372096674,7,8309947.708407664
7834086.251072937,45057.88790734512,3,7789028.363165592
8468614.850188289,45791.51217363744,8,8422823.338014651
8062826.565588269,50205.05934091176,7,8012621.506247357
8191231.281121544,35570.552413891535,8,8155660.728707653
8062382.712193398,42416.12719990057,7,8019966.5849934975
9082315.971563613,36502.551476868386,11,9052521.120086744
8306856.238913578,48288.49191933258,6,8258567.746994246
7872856.693261283,50506.26160632543,7,7822350.431654958
8654334.830766538,40396.573555779316,5,8613938.25721076
7805054.933414998,58795.10801616074,7,7746259.825398838
8399274.57660574,31519.342216372257,1,8365519.334389367
7497981.436201679,29385.316821355453,1,7466360.219380323
7760440.931342873,46725.40728447297,9,7713715.5240584
8394286.116494004,54082.82837924207,5,8340203.288114762
8619389.916917406,59778.3757013226,5,8559611.541216083
8383690.650543503,40613.92270660535,3,8343076.7278368985
8264399.879234468,54365.28990187614,5,8210034.589332592
8187320.288396984,44373.59565217348,3,8142946.692744811
7697957.811240922,43174.09048024929,9,7654783.720760672
8013281.974621103,52621.101016905806,9,7960660.873604197
8121013.793905749,50552.11489537826,6,8070461.679010371
8751830.628164452,28383.479104795668,1,8721211.249059657
8455281.7674508,57923.58627180853,7,8397358.18117899
7579705.432595627,57060.98503495315,7,7522644.4475606745
8447162.848836964,45830.91742277937,10,8408039.631414184
8152416.831841845,54965.60848165081,10,8104158.923360194
8031121.444390236,49136.40837403831,4,7981985.036016198
8566692.917699795,47049.361892022695,8,8519643.555807773
8740973.42383819,39796.2908260681,6,8701177.133012123
8699527.716331467,38711.26924650924,4,8660816.447084958
7963667.64358038,44489.45461068091,4,7919178.188969699
8183950.131947878,52970.519256648055,2,8128743.71269123
8450146.800529273,47343.84234263076,2,8400567.058186643
8717925.285033515,48111.0736595547,12,8676521.91137396
8113310.021991756,51619.764588554535,4,8061690.257403201
8235301.803444361,19241.774218132858,5,8216060.029226229
7852647.4071982,54992.10091784794,8,7797655.306280352
7815294.655417732,29158.695848120187,6,7786135.959569612
8650170.66363869,41476.47319646695,4,8608694.190442223
8876150.9562667,41411.820330421615,11,8841446.835936278
8282536.915635381,33138.88675374251,7,8249398.028881638
8729557.654680446,55099.97045559852,8,8674457.684224848
8462770.358129181,38299.16753594697,2,8422235.290593235
8044339.198695828,54524.692116646824,12,7996522.206579181
8462670.434166905,44298.36111073613,7,8418372.073056169
8951709.833275255,46748.56234235271,2,8902725.370932901
8297575.863399193,43169.1642648865,2,8252170.799134307
8962768.359553482,33243.43074374711,8,8929524.928809736
7223638.894679377,51392.31192640744,2,7170010.68275297
8654067.831146695,47009.738622838486,11,8613765.792523855
8348644.789756474,30796.55413114665,9,8317848.235625328
8188191.57827512,47596.80924638526,12,8147302.469028735
8350603.916754248,55904.29526351702,1,8292463.7214907305
7486386.048736159,52322.043172766236,9,7434064.005563392
8221165.2450597435,39363.89477070987,1,8179565.450289033
8460890.305443197,48302.0787956577,10,8419295.92664754
8926713.199925818,48549.124755932215,10,8884871.775169885
8097060.821589386,61055.70326577474,2,8033769.218323612
7976437.220736643,48133.87791057812,6,7928303.342826066
8103924.081747151,48564.120475818054,6,8055359.961271333
8692928.448986325,51696.54309947918,1,8638996.005886847
8449102.62107542,46853.63472266953,7,8402248.986352751
8092285.315901671,42401.23066463796,8,8049884.085237033
8525791.904333102,40726.025489723586,2,8482829.978843378
8352813.691415945,44077.626976304375,8,8308736.06443964
8715057.427493747,44385.09920555058,9,8670672.328288198
8020676.376347485,51225.627586471695,6,7969450.748761013
8176281.977345952,45182.58322430617,5,8131099.394121646
8149496.715438307,57978.13979458525,12,8098226.275643722
7704195.087658,43996.10319414088,9,7660198.984463859
8435540.486750493,52128.98168811099,12,8390119.205062382
8420966.653705804,33554.59235781864,11,8394119.761347985
8314591.271724147,52913.26819146911,9,8261678.003532678
8214966.1214890815,45580.954333041285,1,8167149.26715604
7724204.9414655585,60351.50321854078,11,7670561.138247018
8137636.002822696,18815.05039958692,3,8118820.95242311
8170025.861683239,63395.58800967691,9,8106630.273673562
7979020.873851122,50177.266201631384,11,7935551.307649491
8245431.900274524,52393.24383977365,2,8190802.756434751
8480398.950477086,42125.1973501601,12,8444981.453126926
9096408.808674594,50198.4046973176,4,9046210.403977277
8385024.606675951,35296.67256920009,4,8349727.93410675
8419509.943308484,36903.359923120996,2,8380370.683385363
8281524.5428177435,61836.33081644299,3,8219688.2120013
7514979.9755524015,43012.612880532935,3,7471967.362671869
8301446.215590008,44426.73264457017,1,8254783.582945437
8337499.078615382,52499.53775618794,6,8284999.5408591945
9336246.815490106,49151.180533271785,8,9287095.634956835
8232516.301026486,52770.98652004209,12,8186453.014506443
8437796.101526925,47982.065221656936,3,8389814.03630527
8298038.979726267,66213.18762813704,5,8231825.79209813
7826736.177367046,41966.78052685042,1,7782533.496840195
8787449.78948402,53224.24943419998,10,8740933.24004982
8624986.888424285,54114.632656133675,7,8570872.255768152
8641237.308235457,61313.08173400302,10,8586631.926501455
7934503.38505961,53098.424240809814,1,7879169.0608188
8895500.000732487,57138.24761374021,12,8845069.453118747
7729824.035173764,41203.12126250364,11,7695328.613911261
8556377.481953679,59326.758252288084,9,8497050.723701391
9222870.395702709,34465.54534299806,8,9188404.85035971
7900776.02377931,47424.65054691182,7,7853351.373232398
8077099.468839988,44679.75850776687,10,8039127.410332222
8353883.42920723,44144.372283410914,7,8309739.056923819
8103209.787166567,47658.31949279021,5,8055551.467673777
7667974.147590972,47592.09039210106,5,7620382.057198871
8340962.369846698,55199.19045757869,11,8292470.879389119
7870947.8248989,59150.388105952916,5,7811797.436792947
8509302.048875615,46538.329379020426,1,8460527.819496594
7930331.865667773,42534.36071661455,8,7887797.504951159
8956654.852196926,60048.10999830375,12,8903314.442198623
7986927.681903348,62063.84826474641,11,7931571.533638602
8178609.729831594,31502.866744540792,1,8144870.963087053
8650582.71049,50060.90726470919,4,8600521.80322529
7800890.110951475,50989.00853813175,9,7749901.102413343
8407003.648637952,42056.71105134958,9,8364946.937586603
8855744.985105952,57021.7714555338,5,8798723.213650418
7644358.513356988,43375.96285181589,4,7600982.550505172
8389204.13357493,45841.10556926808,3,8343363.028005661
8420479.344558751,43170.11483233478,3,8377309.229726416
8637409.801983563,51565.03276994961,12,8592552.469213614
7798360.463607506,34913.35413284408,5,7763447.109474662
7763653.46496309,38546.46092642967,10,7731814.70403666
8529397.075908862,56742.71548345886,1,8470418.460425403
8435899.749938598,37143.1164851802,5,8398756.633453418
8416576.66508716,35851.38338340257,6,8380725.281703757
8456457.948110225,25458.940179973815,7,8430999.00793025
8029831.881135967,45711.08171336417,12,7990828.499422602
8408996.048051257,32884.8141236807,9,8376111.233927576
8434273.74849156,59403.52678619563,3,8374870.221705363
8015564.906280202,51513.50012024478,2,7961815.5061599575
9087925.35937787,38563.45857286851,3,9049361.900805002
8509402.002237996,71570.58486867735,12,8444539.117369318
7817332.509191094,53498.51780945802,9,7763833.991381636
8585344.977447301,48520.53803845228,12,8543532.13940885
7907365.587770609,22364.315048456712,7,7885001.272722152
8639596.70038663,65207.27399222256,9,8574389.426394409
8794005.317912469,30054.3196862531,2,8761715.098226216
7971371.306595012,30002.21176671634,5,7941369.0948282955
8712867.565977752,53863.460915721414,4,8659004.10506203
8484027.371030407,64302.26962133592,2,8417489.201409072
8654133.356495438,57098.38237963067,9,8597034.974115808
9100817.358867476,49761.377606100286,9,9051055.981261376
8210476.981446104,50037.24493011765,6,8160439.736515987
7999195.688040398,59058.30739150756,11,7946845.080648891
7942763.077361423,51505.553735616915,6,7891257.523625806
7973396.237188724,47232.86361941251,8,7926163.373569312
8280420.733097669,45649.932993304,6,8234770.800104365
8454256.709574811,41922.29210131783,1,8410098.517473493
8427465.14309718,37974.842303011996,4,8389490.30079417
8656262.631669074,42207.75438253432,7,8614054.87728654
8317869.889208538,27340.971436562148,2,8288293.017771976
8916588.62981058,43838.48971379847,9,8872750.14009678
8202468.453602091,35876.436574085055,8,8166592.017028007
9443031.685576227,34847.93858254903,8,9408183.746993678
8572507.92778034,46326.90133025625,7,8526181.026450083
7956211.347782329,57167.51164815156,4,7899043.836134177
7867378.126010597,50695.15639744228,2,7814447.069613154
8512992.777382342,30672.07080143575,3,8482320.706580907
8219589.659735679,42574.861797769525,12,8183722.497937909
8609221.241556186,53131.88119689141,6,8556089.360359294
8509154.583209418,42638.72574715077,12,8473223.557462268
8282196.606986139,49416.670959686606,12,8239487.636026452
7960518.80047714,49637.44595283598,5,7910881.354524303
7682860.197480219,42765.21453348159,12,7646802.682946738
8126883.982122563,45660.43637676701,8,8081223.545745796
8668405.293012742,32787.009583649546,6,8635618.283429092
8401448.34844475,39339.608339557926,6,8362108.740105192
7794707.937853754,45342.101706197194,1,7747129.936147557
8384444.027899324,30470.90124478616,4,8353973.126654537
8472612.880910253,48657.42986642262,5,8423955.451043831
7945114.255636546,51250.06738151933,12,7900571.888255026
8376357.73582593,56366.9491563252,11,8326698.486669605
8336658.899649298,46720.59844942071,3,8289938.301199877
7837420.913013654,56918.32634951407,9,7780502.58666414
8461170.763406243,43602.057861881825,1,8415332.805544361
8545541.115438102,40877.56860239219,6,8504663.54683571
8762607.33175761,45811.77994811953,6,8716795.551809492
8750450.68641352,56284.740252489835,10,8700873.64616103
7739874.51098076,45154.98492496497,5,7694719.526055795
7922684.062087845,51788.73584945104,12,7877603.026238394
8526526.657373644,38439.6671409315,5,8488086.990232714
8526007.41241177,45496.979353791336,10,8487218.133057978
8526531.819039885,32173.65949113226,5,8494358.159548752
9913750.976159835,60365.51456036671,6,9853385.46159947
8549741.39799298,33593.3847679545,8,8516148.013225025
8784433.538738472,36285.03307299252,2,8745912.60566548
8708971.361148864,38292.852779655324,6,8670678.50836921
8583199.381458845,50485.9456576403,1,8530477.535801204
8181432.7561540725,42080.08805722742,4,8139352.668096845
8627911.29201984,62585.0060011648,10,8572033.986018676
7991261.834010687,38694.56925301254,3,7952567.264757674
8214038.669165315,47213.2121892648,9,8166825.4569760505
8110737.6005515605,37246.99009446603,3,8073490.610457094
8346494.799996403,63903.35573915408,6,8282591.444257249
9274492.031854114,31860.694779567646,1,9240395.437074546
7536387.078679882,54196.61250398644,12,7488898.166175895
8597691.724982083,50386.24691230432,6,8547305.478069779
7642183.707653782,48418.85360796722,4,7593764.854045815
8116320.120565439,43060.86129406133,8,8073259.259271378
8765059.240648547,50264.63558986413,11,8721502.305058682
8339182.273660519,45109.83228079236,9,8294072.441379727
7864530.158839255,43403.272898235446,4,7821126.885941019
8015169.111855132,60046.24926896695,10,7961830.562586165
8594922.6590848,71195.73351703241,12,8530434.625567768
8008908.610315839,46439.71647160393,10,7969176.593844235
8402431.233315406,32467.03007183656,6,8369964.2032435695
8331406.718487895,41692.540672365714,1,8287478.277815529
8041645.713246923,67789.88843224516,4,7973855.824814678
9203539.117420888,37530.25613390592,7,9166008.861286981
8575937.515988585,66085.30506116957,12,8516559.910927415
7470769.555162829,57486.785000774056,1,7411046.870162055
8389960.757603709,39766.92820146038,8,8350193.829402248
8037412.125617629,56514.45706700143,12,7987605.3685506275
8666757.155638011,65989.42803861239,10,8607475.427599398
7983075.9153741645,48034.933135704305,12,7941748.6822384605
8264778.861567271,49604.958691388514,11,8221881.602875883
8522350.479347879,39515.67857800891,6,8482834.80076987
8672294.030793127,35642.42170337528,5,8636651.60908975
7813594.846321335,45618.821347947654,10,7774683.724973387
8173439.492505707,40479.26783018508,11,8139667.924675521
8115067.662455756,45022.82890672321,9,8070044.833549033
8040927.148371247,35595.76741070393,2,8003095.480960542
9046229.917344622,46808.88768069173,5,8999421.02966393
8480785.835149238,30802.69169861324,6,8449983.143450625
7788413.249982219,47677.26044483322,7,7740735.989537386
8693950.811379332,52172.74962104558,5,8641778.061758287
9194483.561717842,26886.82590709793,9,9167596.735810744
8741582.618725628,45827.512338088745,1,8693519.206387538
7680980.440829305,55697.780401084136,7,7625282.66042822
8111207.036662888,40607.15458523333,10,8077307.582077654
8839023.792631736,59676.818398921685,7,8779346.974232815
8018342.081390286,48465.53841216616,4,7969876.54297812
8496927.69533025,38412.6559668391,9,8458515.03936341
8634421.961578676,50926.923677060535,12,8590202.737901617
7927212.098532161,56419.15257482928,11,7877500.645957331
8287725.87507992,45397.76181863604,5,8242328.113261283
6965319.77193827,49536.41809404335,4,6915783.353844226
7886706.628029426,36483.86365293538,7,7850222.76437649
8207492.791443075,46232.695465849065,4,8161260.095977226
7793858.236227268,32074.303025480618,3,7761783.933201788
8990934.173097368,43723.238597721764,9,8947210.934499647
7718065.921025455,43341.511617795506,11,7681432.10940766
8129573.2582921935,38139.714405454164,8,8091433.54388674
8366804.830175551,53537.22292181207,1,8311031.707253738
8911492.760603514,54478.24119454691,7,8857014.519408967
7715688.234381703,50165.88769814543,9,7665522.346683557
8795903.957111027,34948.79155787432,8,8760955.165553153
8316719.098590062,41888.16938930957,8,8274830.929200753
7904528.135472902,55567.460589533825,6,7848960.674883368
8504526.970914766,52693.15938882985,11,8458541.511525936
8395199.84757124,65461.15567378028,4,8329738.69189746
8063001.880799567,48235.67742840751,8,8014766.20337116
8341477.3729104325,46435.61047824025,3,8295041.762432192
8152320.691337446,41953.38599075851,9,8110367.305346687
8359646.453640563,43676.436436010816,2,8313734.1172045525
8587662.935975663,41118.47077134697,2,8544308.565204317
8971651.542981824,57758.74076083207,12,8920600.502220992
7798001.0375864385,59982.06284048404,12,7744726.674745955
9199004.370184774,37688.4246610011,7,9161315.945523772
7501132.826872719,39519.68495656065,12,7468320.841916159
8249380.577910497,35003.41362511335,10,8221084.864285383
8556984.3388059,49261.27123137502,4,8507723.067574525
8429252.767341198,41557.63042102334,10,8394402.836920176
8053657.570663749,25463.407692870172,8,8028194.162970879
8225965.543503083,48193.29160748313,9,8177772.2518956
8107563.324634012,67014.39048411191,7,8040548.9341498995
8067512.274815149,44663.70419555181,5,8022848.570619597
8665580.427250799,52217.126090385704,8,8613363.301160414
8460849.954427896,45449.849051106,4,8415400.10537679
8024476.627416102,41597.67049771969,2,7980643.056918383
8686360.668907156,59645.5524332494,11,8633422.816473907
8440186.840955155,48829.60058659437,12,8398064.940368561
8650310.43627684,47109.44990013347,6,8603200.986376707
8574154.41705547,47595.13649949467,9,8526559.280555977
7967916.357877032,36506.96621879803,1,7929173.491658234
8079641.7074759025,60298.12995731484,11,8026051.277518588
8623058.634230226,49860.92992001894,10,8579905.404310208
8566150.103941333,44666.61759155979,12,8528191.186349772
8303778.810541361,49516.329436956265,7,8254262.481104405
8361229.994231161,43390.16175805368,10,8324547.532473107
8843493.30028174,44970.040999046534,9,8798523.259282693
8066595.147186469,51344.1433416129,10,8021958.7038448565
8539852.418983249,54429.815582571304,9,8485422.603400677
8228430.022559672,55671.211115585145,10,8179466.511444086
8221992.619966732,51201.86889176693,11,8177498.451074965
8769143.261186527,52031.77467352769,3,8717111.486513
8655528.266840357,63859.160235391246,11,8598376.806604967
8650579.559496384,49706.83225588851,5,8600872.727240495
8855053.409909546,44810.58969083126,8,8810242.820218716
8321195.685972084,32985.46147235311,8,8288210.224499731
8595901.544374418,35192.049442919095,4,8560709.494931499
8183511.906744331,48695.89233413359,12,8141523.714410198
8447197.08917021,45974.46666876823,11,8407930.322501441
8258375.514271623,49753.503454619364,11,8215329.710817004
8352779.783056958,42988.75426830976,1,8307555.128788648
8559827.126930274,47219.46011786486,1,8510371.766812408
7972394.419506249,44087.48712855071,4,7928306.932377698
9182110.9043984,49069.07610172402,6,9133041.828296676
7894341.7360437345,45294.633376295795,8,7849047.102667439
7807820.921930741,27050.217217157515,6,7780770.704713583
8793803.86300998,43024.659971842586,12,8757486.903038137
8641499.461351765,43429.33853664816,9,8598070.122815117
8571864.737958614,33898.97409792627,9,8537965.763860688
8573621.034100601,47847.62258959405,2,8523537.511511007
8307375.955855015,65116.12314414909,10,8248967.532710866
7939546.177183633,53382.21849684012,1,7883928.058686793
8343972.140631518,40573.15233954859,2,8301163.08829197
8031021.814827688,58050.45827753123,5,7972971.356550157
8717748.481498206,46047.62227023281,4,8671700.859227974
8251345.525810722,41703.2379087087,4,8209642.287902013
7969370.130928347,39231.97193835525,9,7930138.158989992
8178890.555918905,48720.532111924775,11,8136877.72380698
8484089.933699833,41246.30180569467,8,8442843.631894138
8078168.941072588,46242.13452643741,6,8031926.806546151
7970732.045867374,43918.20945691757,1,7924577.936410457
8413748.083008066,42509.34238584407,2,8369002.840622222
8414279.814673891,48625.800214943454,6,8365654.014458948
8101768.6045397725,62074.36402317912,11,8046401.940516593
8116691.504992504,50974.53236573302,2,8063481.0726267705
8408911.360729374,38145.366529371444,10,8377473.694200003
7710608.407308555,21876.750937890876,5,7688731.656370664
7727491.261463161,53074.183558159566,5,7674417.077905001
8013863.841897133,32493.18367285184,6,7981370.658224281
8223752.390429921,42707.788151632594,6,8181044.602278288
8441686.428408809,34252.97714013551,6,8407433.451268673
8925658.419564089,26365.907758459332,2,8897056.611805629
8668929.32287198,56268.32605597234,10,8619368.696816007
8245991.820379452,51507.58009168275,3,8194484.240287769
8304562.420917998,39561.92158006051,6,8265000.499337938
7895791.43712233,21544.754155972783,8,7874246.682966357
8304771.509325494,46540.30815260909,12,8264938.901172885
8192492.743918504,54929.83830271821,11,8144270.605615785
8446595.353018966,38198.9064935117,12,8415104.146525454
7968649.54537867,44121.997778536854,1,7922291.647600133
8528318.512092413,42345.1748329364,1,8483737.437259477
8949508.005060544,56606.65145583229,11,8899609.053604713
8267262.748189871,43551.57898294882,2,8221475.2692069225
8479426.751587445,42722.960620331716,11,8443411.490967114
8599305.923310146,62127.35688228654,12,8543886.26642786
8145709.423447251,50007.874910675986,12,8102409.248536576
8405604.056795236,44473.79912043898,6,8361130.2576747965
8317699.695167853,36371.22468123296,9,8281328.4704866195
8353062.462409991,40753.460858243605,4,8312309.001551747
7991185.1227017045,36804.678446829006,3,7954380.444254875
8322652.999509077,49878.939618468874,12,8279481.759890608
8519445.693201795,60026.83596300107,8,8459418.857238794
8915595.09504568,39155.964938079116,11,8883146.830107601
8711161.30633126,36994.65228194957,10,8680874.35404931
9207378.798493063,57875.55894097184,9,9149503.239552092
7993538.473665511,49553.59276102457,12,7950692.580904487
8675022.78169195,45441.78105452117,11,8636288.700637428
8388667.209453592,54018.49156219555,5,8334648.717891397
9222599.12145361,39301.616858809386,9,9183297.5045948
7976518.3992563505,58813.20047407838,2,7915469.298782272
7963458.036870747,50781.097822909884,3,7912676.939047837
8063344.450704825,40354.31553010809,7,8022990.135174717
7429725.450206468,64012.10173616136,7,7365713.348470307
8093949.96289747,39300.72801462734,6,8054649.234882843
7996952.778067268,51355.00416910244,6,7945597.773898166
8374973.161834736,45158.8531221235,2,8327578.408712612
8454507.746447222,63067.95339586709,10,8398147.493051356
9092246.315558676,58683.53153904628,6,9033562.784019629
8707484.292025553,45004.23230758459,4,8662480.059717968
8072691.398851529,44687.43193477187,12,8034711.666916757
7939063.92952578,48831.80685759028,3,7890232.122668189
8516919.0693948,45364.48481908506,11,8478262.284575716
7763746.317728497,60489.03018697911,2,7701021.387541518
9073662.936078314,43703.21738707157,1,9027723.818691242
8802668.79512658,48158.41017368502,11,8761218.084952895
8117465.66719259,53077.40678353339,11,8071095.960409057
7600447.3736753035,32669.841316962207,5,7567777.532358341
8875166.903929465,33792.37268517614,2,8839138.631244289
8264860.571534618,53218.12182709176,2,8209406.549707526
8826931.30037624,38843.00032659143,7,8788088.30004965
7649784.714840611,35354.84693528581,8,7614429.867905325
8063351.775022377,56225.30755750303,10,8013834.167464875
8314645.403781081,55322.46367764398,8,8259322.940103437
8331992.229416462,51148.03082926409,4,8280844.198587198
8125408.303527741,51390.3520827729,1,8071782.051444968
8571336.944287045,44657.227445870165,11,8533387.416841175
7868738.0739925895,32001.894120927645,7,7836736.179871662
8253289.76858315,55909.42764962909,1,8195144.440933521
8362463.667427684,48539.780593331474,11,8320631.586834352
8526278.76585965,42474.649834032636,4,8483804.116025617
8608229.723960401,56596.83712704123,8,8551632.88683336
7845038.542471441,47456.79871207574,2,7795345.843759365
7674852.405782097,48795.27787838907,6,7626057.127903708
8843498.25705097,64080.91497185733,6,8779417.342079114
8450583.446295198,45670.33035477215,12,8411620.815940427
8001377.555670794,53016.23096950735,9,7948361.324701287
8957160.90286819,45227.902583829564,5,8911933.00028436
8360543.073231091,53827.88190524142,10,8313422.891325849
8802609.387321316,58388.01021846312,4,8744221.377102852
8340528.254054658,49259.87986995188,5,8291268.374184706
9168960.853007603,56240.0048125883,12,9119428.548195016
9042026.553561024,61017.776621963945,12,8987716.47693906
8208990.699027438,48161.70876806025,10,8167536.6902593775
8716273.524819788,43920.14441918686,11,8679061.080400601
8580699.281907212,35373.64449235349,5,8545325.637414858
8881301.164425734,27131.69320725679,8,8854169.471218478
7911421.327066277,69815.59408733426,10,7848313.432978943
8597604.97177437,41559.045660331554,12,8562753.626114039
8752371.878025232,42739.19609209829,8,8709632.681933133
7581492.89081252,40006.39257111345,2,7539250.5982414065
7820676.192212759,47467.32254252547,7,7773208.869670233
7464913.59281316,52013.627334066456,8,7412899.965479094
8200494.242425599,59121.43069049421,11,8148080.511735105
8610693.280243361,39503.18862041484,6,8571190.091622947
8936880.595770422,43223.33024057985,5,8893657.265529843
8343261.517150843,53952.98204518716,11,8296016.235105655
8989356.56748164,42493.806043864824,9,8946862.761437776
7738863.677601915,59093.45589369241,3,7679770.221708222
7604500.569393161,55816.78357747186,12,7555391.485815689
8289379.082077181,57998.152967315145,10,8238088.629109866
8472092.549304137,50646.54491445387,4,8421446.004389683
8298877.300904464,55213.080791805754,9,8243664.220112658
7453188.891822496,46336.98441242248,6,7406851.907410074
8275425.635081564,33119.65379026209,8,8242305.981291302
7770298.081450821,48292.649165294926,7,7722005.432285526
8590797.514664153,45600.22448468339,11,8551904.99017947
8464832.772816984,37754.363845102875,2,8424842.508971881
7921830.06160333,49962.20523813805,3,7871867.856365192
8098890.936055697,53556.80847767386,1,8043098.2275780225
7872232.180627892,44908.24447369664,9,7827323.936154195
8286415.106750303,47480.07893148009,7,8238935.027818823
8709445.403216382,57706.02957883971,1,8649503.473637544
7902775.287726068,46871.20013607396,3,7855904.087589994
8521959.476133028,67986.41309998378,4,8453973.063033044
8092078.578801906,49775.69206667028,4,8042302.886735235
7982929.576974778,28970.44218721403,5,7953959.134787564
8267981.688595499,51455.586122510496,3,8216526.102472988
7882195.169656396,48126.92813103761,3,7834068.2415253585
8082356.448668896,54017.132731414444,1,8026103.415937481
7814600.037285177,50738.664733218,7,7763861.372551959
9129051.543335648,50187.40506164272,11,9085571.838274006
8327122.353840211,40476.06629392243,10,8293353.987546289
8021643.775273945,40612.6795961367,1,7978795.1956778085
8401401.036633063,34875.385265733705,2,8364289.75136733
8265779.845304933,39526.03047432648,4,8226253.814830607
8220625.885842323,49982.00981777616,4,8170643.876024547
8567727.99062216,59652.95792511724,5,8508075.032697042
8627303.854225304,54955.48429412481,11,8579056.06993118
8091977.362376326,31786.600246382128,2,8057954.862129943
8073142.522623064,48694.34842349365,4,8024448.17419957
8198148.105959233,53184.29336396405,1,8142727.912595269
7355733.929172752,37028.44561692917,2,7316469.583555823
7682717.290598532,41283.504068144095,1,7639197.886530388
8880570.793720376,51557.065338380045,10,8835721.428381996
8996152.909478858,44405.883447117674,10,8958454.726031741
8208960.819420648,50515.96088812594,4,8158444.858532522
8552096.507623216,43636.28813811144,4,8508460.219485104
8441828.816356894,48470.13036532689,7,8393358.685991567
9592120.601916835,43488.32495860913,10,9555339.976958226
8777787.419287646,47513.247945227544,11,8736981.871342419
8259300.468500712,57886.38991186845,11,8208121.7785888435
7915321.128794197,41383.52942095207,9,7873937.599373245
7644789.47910169,60163.27389989108,9,7584626.205201799
8397030.227769133,41143.81381033724,5,8355886.413958795
7998109.007287478,53435.19031323456,10,7951381.516974243
7721344.219779773,50822.819363940165,1,7668285.500415833
8043735.244160603,29796.804230940135,1,8011702.539929663
7862949.449629373,28970.03030916873,6,7833979.419320204
9013681.373936255,28837.240185010898,2,8982608.233751243
8678896.02519453,56010.04718741134,8,8622885.978007117
8309152.384506271,39782.40148639631,9,8269369.983019875
8927565.266821131,67597.51113130258,4,8859967.755689828
8344622.071339918,39671.59517664778,5,8304950.476163271
7954496.218006083,53076.25303527302,11,7908127.66497081
8945511.855304271,58510.01457178605,8,8887001.840732485
8536449.570759362,62659.69235453993,3,8473789.878404822
7881362.330426529,63155.26338800529,5,7818207.067038524
8233356.810497253,55525.14421993283,3,8177831.66627732
7948538.651987991,60584.50560584739,12,7894661.846382144
7737742.21257749,56725.024022875696,10,7687724.888554614
8697406.968691008,51679.35012080394,3,8645727.618570205
9106064.04518711,39788.415427444124,3,9066275.629759666
7731188.729696295,44108.056466224254,12,7693788.373230071
8546449.131951816,44687.82020269941,7,8501761.311749117
8042043.788301108,43195.93680998605,7,7998847.8514911225
8110005.340485951,40664.50961803658,7,8069340.8308679145
8066253.282307891,57653.91077507388,10,8015307.071532818
7953371.305136135,53261.86766337122,8,7900109.4374727635
8332632.719127801,45508.675828239764,5,8287124.043299561
7967103.77048186,57932.43803292584,5,7909171.332448934
8424874.158438142,34507.189238835585,4,8390366.969199307
8291585.871164989,42985.987259985915,7,8248599.883905003
8213153.624232828,45014.72789345675,10,8174846.596339371
7935261.395822186,28024.44311154538,4,7907236.952710641
8072746.396243799,41742.63701809724,2,8028767.859225702
8626424.194068747,43629.138984023266,4,8582795.055084724
8520658.854547163,58253.689123660326,8,8462405.165423503
7906171.263224518,50359.72738198411,9,7855811.535842534
8353750.820579103,35558.08271792933,3,8318192.737861174
8624759.99579329,61300.26227626645,7,8563459.733517025
7618622.268022908,62346.136959300544,12,7562983.831063608
8538299.156245584,49924.04902074191,9,8488375.107224843
8037064.126648523,49400.11681352664,11,7994371.709834997
8549620.101616295,36137.159242439884,4,8513482.942373855
7995237.710602582,48096.831477530926,10,7953848.579125051
7562314.945210881,54455.33215518636,3,7507859.613055694
7636021.441076955,61572.98608575677,5,7574448.454991198
8332451.224211727,56284.25281945515,1,8273931.071392272
8420412.723249737,40345.92631131228,3,8380066.796938425
7936610.940029243,34704.5895236364,8,7901906.350505606
8577879.905072166,52685.73023787504,11,8531901.87483429
7621899.548703569,28901.78569015208,8,7592997.763013417
8285001.696022866,47608.28276858301,4,8237393.413254283
7809139.450701268,41162.00150917922,2,7765741.54919209
8041547.725816111,40549.95594189119,8,8000997.76987422
8332165.992188144,30455.613647592687,8,8301710.378540551
7954858.157756578,56019.133913116915,10,7905546.723843461
8152635.755673904,39953.73677039973,4,8112682.018903504
8730704.738131976,34254.731788141464,3,8696450.006343834
8072696.2974456195,16793.735669294238,2,8053666.661776326
8659799.113400484,44471.91769518913,9,8615327.195705295
7842933.509034581,58332.40937997552,1,7782365.199654605
8532664.960778937,59575.63791123033,7,8473089.322867706
8911615.507294284,40629.91391959502,5,8870985.59337469
7285192.956430245,39332.05621694838,8,7245860.9002132965
7981257.764167017,48910.52943663258,4,7932347.234730384
8552310.621836796,35788.839986075596,7,8516521.781850722
8228075.606603038,47417.10603522538,5,8180658.5005678125
8466722.872671966,51569.51557776132,5,8415153.357094204
8061435.683546054,55691.19998113169,9,8005744.483564923
8348454.733215786,43822.262001593896,9,8304632.471214192
8247762.913691467,42896.42344791729,9,8204866.490243549
8797823.434147853,43573.374937084016,12,8760957.75921077
8418209.230481634,37322.71286560911,6,8380886.517616025
8452781.532500481,42692.463382389506,6,8410089.069118092
8141280.336146192,48003.57014676117,5,8093276.765999431
8109805.49205045,52888.73546317969,9,8056916.756587271
8132684.73853639,44242.38873669526,10,8095150.049799695
8476409.501107337,58068.00948534638,8,8418341.49162199
8137495.040832696,42293.17896171568,7,8095201.86187098
8432903.182280315,44526.89946626533,7,8388376.28281405
9175050.928755652,38035.23762637353,6,9137015.691129278
8674525.723951802,23036.56480822292,5,8651489.159143578
8176963.023682746,52624.54840689468,4,8124338.475275852
8811718.494335722,51308.037078035886,3,8760410.457257686
8142860.366816052,42201.918860157544,3,8100658.447955894
7465373.954878414,45317.138178572364,6,7420056.816699842
7893481.840771683,49332.35398745838,4,7844149.486784224
7534921.288169894,37450.91487434952,12,7504178.073295545
8166368.805768254,46694.06447488567,12,8126382.441293368
8320121.107539413,51821.585588665774,6,8268299.521950747
9009232.407970984,33500.1371149435,3,8975732.27085604
8448344.633944195,47343.46472212546,4,8401001.16922207
8221402.715184715,32585.274972170115,9,8188817.440212545
8657186.2846899,48889.563190892484,5,8608296.721499007
7393466.6461236235,44399.236838924226,7,7349067.4092847
8410392.900169125,36980.607091267484,10,8380119.993077857
8632855.53573844,52899.06289052316,2,8577720.572847918
7697931.105194371,38148.106773748965,5,7659782.998420622
8787836.829826007,37471.426304318185,9,8750365.403521689
8453152.993920973,53219.510672354656,11,8406641.183248619
8139862.666774433,54990.95299835066,3,8084871.713776083
8575464.887371253,35632.89597978481,9,8539831.991391469
9256218.858847095,51977.339905100314,11,9210949.218941994
8388053.853086053,48553.16325235651,6,8339500.689833697
8415632.25920608,50916.859309118656,4,8364715.399896963
8121544.907042115,46296.02269377739,7,8075248.884348338
7959250.878676624,41435.4498183744,8,7917815.428858249
8657572.912180314,37316.36410260611,6,8620256.548077708
7956657.615199131,45488.43643241356,5,7911169.178766717
8342210.595681706,35129.21753240553,6,8307081.378149301
8113940.435705908,18590.60981581763,5,8095349.82589009
8511541.17581014,48622.41626446452,8,8462918.759545675
8451143.74528431,50566.5316447385,1,8398341.313639572
8743691.775514284,30292.577469488013,11,8720106.898044797
8100491.301253874,35687.3724693562,7,8064803.928784518
8200299.688806082,56963.16804872608,10,8150044.220757356
7905668.994526295,69827.11648291355,10,7842549.578043382
8127807.369079408,51611.67060396577,11,8082903.398475442
8469280.876010928,35971.13289482311,2,8431073.843116105
8627088.106912576,43082.24738933475,9,8584005.85952324
7929192.604819725,54778.4447422937,1,7872178.260077432
8673894.482213851,45648.4547675818,11,8634953.72744627
8875900.680481449,44278.04636932279,10,8838330.334112126
8484299.178813016,40400.53503501278,6,8443898.643778004
9092506.069041565,36191.81025917738,9,9056314.258782387
7990861.179564216,43579.214238131055,1,7945046.065326085
7795158.504849188,59248.47426116836,4,7735910.03058802
7573188.420373582,47607.49178704052,4,7525580.928586542
8934256.873687362,42461.051218383334,9,8891795.82246898
8584435.61350054,48815.85673532694,11,8542327.456765212
8289363.715646783,30737.446683340575,5,8258626.268963442
8428827.48436751,52616.180602893335,5,8376211.303764617
7844686.528047993,44021.8552447963,6,7800664.672803196
9328977.508749878,40867.95984481088,1,9285873.648905067
8366173.334082444,71039.9768437773,1,8292897.457238667
8357933.025536507,47389.92651125935,9,8310543.099025248
8614111.519254632,37994.281564368706,3,8576117.237690264
8512384.644224878,40904.8282025761,4,8471479.816022303
8405517.416988173,52753.339044772096,1,8350528.177943401
7983926.398262116,45731.04524368555,9,7938195.353018431
8508419.234438442,31854.617073120797,8,8476564.617365321
9094679.231905792,50703.31589926679,2,9041740.016006526
8871653.919469085,38742.38655657345,8,8832911.532912511
8974631.483279735,61472.02599137924,7,8913159.457288356
8099992.853549939,61085.217880525524,11,8045615.335669413
7901163.178908221,40717.33189398639,6,7860445.847014235
8260186.025171348,53938.997932814156,1,8204011.127238533
8335626.571937637,45324.872543952886,7,8290301.699393685
8767237.489738906,59052.566640823075,10,8714892.623098083
7609038.265464649,49053.256424754865,7,7559985.009039894
8948182.751290275,37148.524620423625,9,8911034.226669852
8246794.235766535,36726.447719685544,1,8207831.8880468495
8135044.281000922,51693.65756811887,2,8081114.7234328035
7891811.83960993,48431.60333977194,11,7850087.936270159
7624669.009012132,41107.92960414888,9,7583561.079407983
8654594.874569178,36175.765699331125,9,8618419.108869847
8342938.655472136,48506.50060304168,6,8294432.1548690945
7776328.193978654,63164.39786774299,6,7713163.796110911
7774201.086994972,35170.412628075486,4,7739030.674366897
8172906.055191529,44934.60913269848,4,8127971.44605883
9006150.234111812,57348.335759413436,5,8948801.898352398
8204573.785894799,44005.71925325482,3,8160568.066641544
7687724.765453307,46527.93239693912,1,7638960.933056368
8210329.456752488,32980.47724166557,1,8175113.079510823
8199115.729953693,55256.30735458632,12,8150567.122599107
7191577.073734703,43044.256551505314,7,7148532.8171831975
8289899.788404807,51298.07478936242,1,8236365.813615445
8216484.228470719,53101.60589077451,1,8161146.722579945
8601825.586824756,67878.02138875768,3,8533947.565435998
9080935.233736297,56609.70724795293,10,9031033.226488344
8780692.675245237,47631.791936984264,4,8733060.883308252
8200709.595098922,46456.49543958706,4,8154253.099659335
7852568.050273288,39323.521943618325,2,7811008.62832967
9382014.293514058,45509.36410238398,1,9334269.029411674
8337078.560965934,42076.047948280575,3,8295002.5130176535
8318255.338271522,52932.34758736492,11,8272030.690684157
8302439.051682553,56502.06531946335,4,8245936.98636309
8394794.641950047,35715.885913165,3,8359078.756036881
8252466.449206811,54912.61789931373,8,8197553.831307498
8074038.7036158135,63205.450316260816,10,8017540.953299553
8085178.6822071625,41426.14232200259,1,8041516.63988516
8298852.977747035,23505.07852522673,2,8273111.999221808
8086606.00331964,39281.88327622223,7,8047324.120043417
8016190.683412634,56317.80042662394,4,7959872.88298601
8356700.882453058,44513.47719802372,8,8312187.405255035
8206491.5274707265,42488.34055524723,11,8170710.886915479
8937560.5290916,40203.495014503314,3,8897357.034077097
7210661.1800353285,52236.16926904612,6,7158425.010766283
8766121.679768626,49607.76634056585,9,8716513.91342806
8830368.039787,40345.18687786592,1,8787786.952909134
7450716.709418758,39201.36919049416,1,7409279.440228264
8170037.051279265,41214.27181821167,8,8128822.779461054
8158086.521519971,36468.33227391919,3,8121618.189246052
7727471.344652787,59165.2740163389,5,7668306.0706364475
7989187.261508412,39599.39465156146,1,7947351.96685685
7850884.802207202,55603.77894685491,5,7795281.023260347
9040750.42418819,65031.74224197363,11,8982426.381946215
8701355.741498645,53646.4933486761,6,8647709.248149969
8840953.924713286,40857.76057117486,8,8800096.164142111
8612409.724775461,48328.8004359345,3,8564080.924339527
7843205.77697585,44501.6041746822,3,7798704.172801168
8094463.156011921,43343.352038374025,12,8057827.503973547
8515861.4700736,54326.63967200532,11,8468242.530401595
7804521.20704656,40880.83972378319,11,7770348.067322777
8608804.760443067,62047.82937864484,10,8553464.631064422
8212581.164943702,40562.64873988209,9,8172018.51620382
8156681.739057572,46517.09149826432,4,8110164.6475593075
8607957.52815263,47251.613407960074,4,8560705.91474467
8497112.183588756,49110.15747718021,12,8454709.726111576
8162440.050973927,49965.154682874265,7,8112474.896291052
8794310.4786626,38234.75165663079,2,8753839.82700597
7863150.892273949,52510.53450953861,8,7810640.357764411
8568463.189545678,32680.09613174518,6,8535783.093413932
8558972.70207097,45848.28840763129,3,8513124.413663339
8183811.28738907,62059.00539597768,9,8121752.281993092
8448014.482943242,35771.43676525758,5,8412243.046177985
7792474.046707938,38656.52008161394,8,7753817.526626324
8696513.159011936,49314.18624420947,7,8647198.972767726
8235616.363874515,46324.10762495499,8,8189292.25624956
8095210.133225909,47853.895355863,7,8047356.237870047
8748458.676172772,49093.09401718865,3,8699365.582155583
8019724.35100244,48158.79492622904,2,7969329.656076211
7727076.6680831,54642.71150651968,7,7672433.95657658
7665494.646023722,48383.25414010585,3,7617111.391883616
8564337.855811113,42560.2880401536,3,8521777.56777096
7780289.727098632,48497.33015407675,2,7729556.496944555
9041799.348737143,61709.78407292885,4,8980089.564664215
7447167.629128321,43531.776825852816,8,7403635.852302468
9017552.79409472,42709.899710747646,12,8981550.594383974
8400169.776076393,52383.38667383497,1,8345550.489402559
8272269.777291158,41405.4590220646,1,8228628.418269094
8085984.930907478,31994.212648268865,12,8060698.418259209
8478356.268996185,52297.00051176251,5,8426059.268484423
8296824.140783667,46637.93883610249,11,8256893.901947564
8771023.969099917,43908.30653638451,5,8727115.662563533
8359941.672288157,54394.799284477034,11,8312254.57300368
8374934.914094598,53129.452936072055,12,8328513.161158526
8161340.292439377,48827.15327176471,1,8110277.239167612
8288798.071948492,40823.18409617155,6,8247974.88785232
8440395.586932754,47071.113016567615,1,8391088.573916186
7601680.169088357,42396.71833436048,5,7559283.450753997
7752128.72585253,51325.62541686547,9,7700803.100435665
8621383.875529232,56929.30063001914,12,8571162.274899213
8383481.657250681,36351.81042439396,5,8347129.846826287
8235998.238600089,54430.58965422302,6,8181567.648945866
8320127.572092618,39924.557332278,8,8280203.01476034
8456929.055402046,58652.64572470725,11,8404984.109677339
8088129.300462878,45766.97081613623,1,8040126.4296467425
7988984.421622697,58922.07953178486,2,7927826.442090913
8393863.85121304,42719.4096400591,9,8351144.441572981
7905831.477537475,41593.85030223729,3,7864237.6272352375
8482145.357564142,44544.318812782476,6,8437601.03875136
7604832.583880775,42006.48129424337,5,7562826.102586531
8740207.062198887,58580.060394208915,11,8688334.701804677
8508888.5252122,28026.464442386532,2,8478626.160769815
8418877.923073657,35294.285916122666,7,8383583.637157534
8720895.269627681,35167.99779056433,4,8685727.271837117
9004675.984673202,50981.270979574874,1,8951458.813693628
8734061.83384405,60017.041759023705,4,8674044.792085027
7547355.777088978,43783.84796908827,6,7503571.92911989
7780643.998481317,43208.12603647782,7,7737435.872444839
8052776.840836816,45344.51852601905,7,8007432.322310797
8323310.048389092,55109.374787206616,7,8268200.673601885
8527617.150362145,36424.12450905318,3,8491193.025853092
8010829.961422573,46849.876833986826,6,7963980.084588586
8390090.618982285,53439.777521722135,8,8336650.841460563
7998511.2528916355,49199.585818274,4,7949311.667073362
8058304.952711737,46413.54214621252,8,8011891.410565524
7727824.872946322,51435.055833483486,2,7674153.9171128385
7928748.7515816735,27249.071664332023,10,7908207.379917341
7750674.38365454,50780.64570775662,9,7699893.737946784
7906870.338215826,38868.208720381575,9,7868002.129495445
8750384.08052408,28345.55162367459,8,8722038.528900405
7917873.700807335,55997.691569111616,10,7868583.709238223
9406545.32064853,63711.15256451943,10,9349541.868084012
8517500.413913189,41252.815464575775,1,8474011.698448613
8389288.19968927,51004.2288003642,2,8336048.070888907
7955712.50682041,59137.57182814725,6,7896574.934992262
8603531.103102567,63185.768907074285,10,8547053.034195492
8073217.50705423,59385.18676488599,5,8013832.3202893445
8363176.121795294,58062.99142915057,12,8311820.830366143
9376496.784074252,45392.64829288029,9,9331104.135781372
8272541.2674787715,30390.658564716483,5,8242150.608914055
8790130.772472829,40281.41553116099,2,8747613.456941668
8020209.493706976,43884.039750130105,10,7983033.153956846
8297923.968117634,64134.04328821345,4,8233789.924829421
9048452.003824929,43144.94764793015,9,9005307.056176998
8051883.882450958,43583.99450995772,1,8006063.987941
9065761.850754924,56357.964609155526,11,9016111.586145768
8606624.194995392,42872.062839376675,1,8561516.232156016
8078691.702462464,66585.55848519648,12,8018813.843977267
8575309.391451795,39149.27316839175,7,8536160.118283402
8716682.289783545,53166.191236659804,11,8670223.798546884
8570904.708469586,38077.64006975094,3,8532827.068399835
7659844.0201775525,39619.946668646495,10,7626931.773508906
8010250.847430988,37010.68195857949,2,7971004.265472408
8209591.487880587,44386.75770191782,9,8165204.730178669
8281529.732567123,40878.49262480743,3,8240651.239942316
8570431.785401935,36289.36372440018,2,8531906.521677535
8386322.676421182,38848.159131904584,12,8354182.217289277
7757465.770996524,43974.73700063801,8,7713491.033995886
8470485.085488006,37968.08286281633,10,8439224.70262519
8566239.662387822,51515.63651685433,6,8514724.025870968
8545127.953277577,45455.308174345024,6,8499672.645103231
8761663.651731405,38389.94240938545,10,8729981.40932202
8659063.477816725,48660.25769849684,11,8617110.920118228
8503311.939823184,37991.01397096006,7,8465320.925852224
8283303.4954567095,47572.56915138498,7,8235730.926305325
7622131.935641003,63414.152609052595,11,7565425.48303195
8491025.34197601,27947.207500476317,6,8463078.134475533
8398785.8419081,45746.74724146284,4,8353039.094666637
8425340.492525304,49993.53632957019,11,8382054.656195734
7781819.543647263,50722.19710774239,9,7731097.346539521
7863153.713188935,46624.7453643066,6,7816528.967824629
8750180.864306638,37992.6870846607,4,8712188.177221978
8296025.95642209,48572.20922097203,12,8254161.447201118
8595713.568794312,37598.66314709232,3,8558114.90564722
8324235.776937984,54341.37744477042,4,8269894.399493214
8324833.344892482,44908.60286106238,3,8279924.74203142
8702438.611776303,59485.589017100596,2,8640717.122759202
8097985.787110692,44175.47394556756,5,8053810.3131651245
8352416.0345107755,36146.39323945958,2,8314033.741271316
8120333.618999957,31179.94395822792,6,8089153.67504173
8131879.244117031,28591.439991437328,3,8103287.804125594
8183966.861775957,30550.1217801361,6,8153416.739995821
8404789.97120785,53814.7739159863,11,8357682.897291863
8113486.917993774,55975.53311775923,10,8064219.084876015
8834387.50490608,30576.46283730541,9,8803811.042068776
7940646.360847432,50486.96466577114,1,7887923.496181661
8234797.79057723,40397.69517816399,6,8194400.095399066
8129703.526447595,46030.85798199396,9,8083672.668465601
8913863.723322118,65844.75641086522,11,8854726.666911252
8394158.744844504,52738.972105374974,4,8341419.772739129
8741324.632580934,49024.0692973894,11,8699008.263283545
7695032.495409142,43455.233212775835,12,7658284.962196366
8423458.312766459,23237.123776671226,2,8397985.288989788
8682217.287058638,38286.18037402349,4,8643931.106684616
8346665.143159816,40593.83559602063,1,8303835.407563795
8755304.4695699,35889.061180970675,3,8719415.408388928
8097468.867317398,50251.790189113264,10,8053924.777128285
8898223.633936483,45405.33250043004,9,8852818.301436054
9267941.62450244,49414.678041101266,10,9225234.64646134
8161661.840142819,38904.636918147306,5,8122757.203224672
8127304.771897091,52934.07992420162,11,8081078.391972889
8916526.452548433,48670.54039348897,6,8867855.912154945
8968972.98779668,34965.90681098216,3,8934007.080985697
8095153.190076469,57336.81483149874,5,8037816.37524497
8137826.568462123,50543.967180102474,11,8093990.30128202
8195349.750976187,44886.58348776954,8,8150463.167488418
7753681.041917248,51051.98651583734,6,7702629.05540141
7930652.846450814,46803.791791568256,4,7883849.054659246
7895121.7008579755,51006.5727990665,2,7841879.228058909
7993351.442259457,47285.92368389903,9,7946065.5185755575
8298050.152644178,45948.30509616578,12,8258809.547548012
8409811.100045446,45715.24292803329,1,8361859.957117413
8956890.131475013,32253.070292206925,1,8922401.161182806
7897526.799019809,45688.91458458291,4,7851837.884435226
8721573.323518753,44420.8042556722,7,8677152.519263081
8223527.250399808,40620.786075297314,1,8180670.564324511
8291907.729764014,43568.41191269478,9,8248339.317851319
8592936.704238608,27887.494876687313,4,8565049.209361922
7845836.568415606,39810.42391512793,3,7806026.144500478
8471404.400661178,43312.46765784567,1,8425856.033003332
8381647.416069797,52855.39162746795,10,8335499.724442329
8517140.219436238,35526.8846096146,4,8481613.334826622
8432651.226037493,56037.98464555754,9,8376613.241391935
9332945.946640227,43678.97862750879,10,9295974.668012718
8047406.40320352,53388.43741863092,6,7994017.965784889
8091771.293272193,48538.6554948356,6,8043232.637777357
8053474.278043603,36702.50143168096,1,8014535.876611922
8081596.766660121,67303.37049914243,10,8021001.096160979
8047553.058771345,31806.68963150274,2,8013510.469139842
8806648.974413473,59646.247267098406,11,8753710.427146375
8902860.663213562,53666.80801964918,6,8849193.855193913
8075250.541929074,36484.341098102115,2,8036530.300830971
7966519.629933029,57171.65265765533,3,7909347.977275374
8508397.289216653,42481.683992032806,4,8465915.60522462
8082949.235999896,54007.66034282732,11,8035649.275657069
8575527.210770544,47046.21439723429,5,8528480.996373309
8396805.535572186,43516.79633978401,9,8353288.739232402
7682487.428969271,58677.24487183183,12,7630517.884097438
8955645.218543965,51814.64572113077,4,8903830.572822835
9058874.604888283,35787.529444147,11,9029794.775444135
8057776.7422582,56383.49739620504,9,8001393.244861996
8151328.198244259,36557.03665580414,11,8121478.861588455
8431278.317048874,60660.38023315005,10,8377325.636815724
8451474.034761814,54794.80006173118,3,8396679.234700084
8586172.343804382,34960.832634727354,8,8551211.511169655
9147953.844077049,47751.54133424937,12,9106910.002742799
8238922.609383073,32593.11972692918,1,8204093.589656143
7980675.064844021,49503.53227350966,11,7937879.232570511
7739188.7906991495,41963.06457595641,9,7697225.726123193
8008674.444730207,51690.971936404065,9,7956983.472793804
8298697.658215182,63144.577301795325,10,8242260.7809133865
9058326.061276212,54964.53773018105,2,9001125.62354603
8097334.6837773,39690.19403749429,4,8057644.489739805
8405477.4869604,42846.80324997844,8,8362630.683710421
8305640.261738686,29662.002184052708,7,8275978.259554633
8806389.934008295,35274.72047328469,1,8768879.31353501
9362717.9937186,53347.247065770425,5,9309370.74665283
8091824.568731906,59167.12654068597,7,8032657.44219122
8109043.563750416,33678.47742945473,4,8075365.086320961
8746443.589458343,37183.336651840174,1,8707024.352806503
8595875.991160404,44481.83747206214,9,8551394.153688341
9080000.592856586,47223.64934001904,5,9032776.943516567
8555160.159348188,44184.929959228764,11,8517682.929388959
8163135.835563183,46274.73235726903,2,8114625.203205914
8557955.909893278,40480.17041553655,8,8517475.73947774
8773269.040883685,51296.44467017302,11,8728680.296213511
8653477.511740446,47367.84780044589,2,8603873.76394
8523300.906813119,44775.4382122811,3,8478525.468600838
8755800.85451352,47522.83914948658,10,8714985.715364033
8798452.491976479,41501.79375760894,1,8754714.79821887
8886923.480979688,50635.41703805116,11,8842995.763941638
8582084.944222637,39172.8693531462,2,8540676.17486949
8243007.831969044,42403.4315339305,7,8200604.400435113
8373443.626510583,65723.36083412598,10,8314427.965676457
8813919.238139793,47498.73917460726,2,8764184.598965187
7972928.50053657,42075.3422276744,6,7930853.158308896
8465695.217255674,50951.281412182216,3,8414743.935843492
8148985.224802421,41732.45201141815,4,8107252.772791003
8324413.018166085,61917.65750871989,11,8269203.060657365
8843820.382027993,48023.93191014287,8,8795796.45011785
8391891.225277357,43758.33254488378,3,8348132.892732473
8331766.111385267,55429.9010976768,10,8283043.910287591
7747278.103160661,30668.712046360168,6,7716609.3911143
8622626.369749002,32404.74246505826,1,8587985.727283943
8580744.265463652,34040.01231276941,7,8546704.253150882
9211565.066840803,45996.42586232869,8,9165568.640978474
8184546.194320658,66920.62114939486,11,8124333.273171264
8403549.982379768,64673.85598748842,8,8338876.12639228
8416115.66959002,50424.473830845556,3,8365691.195759175
8968092.33773112,55905.05264611324,10,8918894.985085007
8272858.956354078,26374.16004883156,1,8244248.896305246
8428433.847311703,39864.5426046988,9,8388569.304707005
8565121.95342687,37672.37723643347,6,8527449.576190436
8390025.099576352,45873.087420281314,11,8350859.71215607
8126917.787889581,43214.18894410507,9,8083703.598945476
8393134.32334537,40495.810709307974,7,8352638.512636063
8758692.370861493,24780.034215923104,1,8731676.43664557
7885822.323758287,58114.71016661277,12,7834415.313591675
8367731.294768849,41831.51547499346,12,8332607.479293856
8021479.476496291,44621.82825386448,1,7974621.748242427
8809155.223567618,63267.76576517586,6,8745887.457802443
7679394.032116981,36495.39196668766,5,7642898.640150294
8080165.057394886,22088.120511565925,9,8058076.93688332
8469244.044313503,39924.19264119304,2,8427083.95167231
8963134.263259673,54564.54259157322,8,8908569.7206681
8285138.659516984,68940.3762915673,11,8222905.983225416
8081712.140557335,33721.40024705537,5,8047990.74031028
9094318.709019227,46924.379172938156,2,9045158.429846289
7710637.684263129,47264.14939874191,10,7670081.234864387
7398591.012249905,50478.14029844553,11,7354820.571951459
8495346.257778851,75075.64915838155,11,8426978.30862047
8103800.566495627,37983.734570965105,12,8072524.531924662
7888017.846475837,46987.34603654287,6,7841030.500439294
8606875.444202833,55608.560651001324,10,8557974.583551832
8413795.257199941,54428.83857572755,8,8359366.418624214
8078021.778033719,45594.3221313823,4,8032427.455902337
7780341.660819887,45237.18080510889,2,7732868.580014778
8675079.593888978,47922.95187240647,12,8633864.34201657
8582704.759247066,53832.66371171974,11,8535579.795535346
8271246.200215663,41648.62556486136,5,8229597.574650802
9079971.362199418,56984.79035411657,12,9029694.271845302
7867713.838139796,39176.452998560155,2,7826301.485141235
7678422.194227196,45854.73508290359,2,7630331.559144293
8024892.884699327,44456.28509952703,6,7980436.5995998
8293519.389448474,61496.64302280596,11,8238730.446425668
8413603.54494768,50966.055093714014,10,8369345.189853966
8212202.673554761,28860.706817344937,9,8183341.966737417
8458788.42568208,56004.12113378566,4,8402784.304548295
7792297.054437867,36617.49259400508,6,7755679.561843862
8912528.209168121,38870.97537366042,7,8873657.23379446
8278322.056137592,46098.34365059262,11,8238931.412486999
8776840.180600902,57010.42453008252,6,8719829.756070819
8454910.639455145,25617.384099860137,8,8429293.255355285
8502303.28023032,72780.76778564152,4,8429522.512444677
8549274.557242133,60870.64967756314,12,8495111.60756457
8498544.109152645,44478.65955240555,1,8451829.54960024
8579596.554441256,44227.05001608818,7,8535369.504425168
8864892.760776991,47271.88142389694,3,8817620.879353095
8394144.777071185,49378.71055045345,6,8344766.066520732
8607144.481441338,48252.650114502925,2,8556655.931326834
8275169.754612552,49687.10410214844,9,8225482.650510403
8911012.269471921,43283.27378087444,1,8865493.095691046
8031341.59932353,42953.0841041394,6,7988388.51521939
9060978.805829821,43365.072260316454,6,9017613.733569505
8295775.420031961,42974.81830383776,5,8252800.601728124
7717802.53049986,54857.98623834028,5,7662944.54426152
8365709.179669792,47790.63390139111,1,8315682.6457684
8029405.06264982,25128.040207016544,10,8010984.722442804
8661857.045954404,57291.81418497157,12,8611272.931769433
8041220.268063208,46459.642631086834,5,7994760.625432122
8127021.769081944,42314.77636585047,2,8082471.092716093
7527128.845920006,41243.24636295424,7,7485885.599557051
8124476.954982845,54771.61452246691,3,8069705.340460378
7305045.275464695,53192.29766664199,4,7251852.977798053
7654159.081623546,37805.69129005277,3,7616353.390333493
8628512.048755059,48358.512835126996,3,8580153.535919933
8639062.855078982,36027.89082895656,4,8603034.964250026
8489296.07583902,32379.24698139372,5,8456916.828857627
7910568.184371364,36876.99183015719,1,7871455.292541207
8292636.048712795,52430.902259602444,4,8240205.146453192
8310968.700814799,59950.069155825564,12,8257726.331658974
7831022.645274321,56014.53076318215,12,7781715.814511138
8937313.363394858,57910.66667925374,11,8886110.396715604
8677118.21050462,49334.492128641345,8,8627783.718375977
8220628.140891141,45688.545204964,10,8181647.295686177
8323640.381126176,48580.94247054586,7,8275059.43865563
8399074.750302428,51876.5426298263,9,8347198.2076726025
7463873.416260431,51464.07993732068,5,7412409.336323109
8209733.320591427,62058.86562912061,10,8154382.154962307
8029017.456299136,51052.78628782743,4,7977964.670011309
7896169.386141443,47861.2121889689,8,7848308.173952473
8195634.168639773,54288.9956714068,9,8141345.172968366
9059626.406654738,44480.80446578011,7,9015145.602188958
8578815.224781238,36830.86586927978,7,8541984.358911958
8075070.703375808,43259.594301272555,5,8031811.109074536
8550444.745110424,38055.88870590904,4,8512388.856404515
